id,firstName,lastName,age
1,Basil,Bramstom,67
2,Enoch,Braams,57
3,Miguelita,Crosgrove,37
4,Lucia,Steinhammer,40
5,Gale,Janks,55
6,Bartram,Sheed,30
7,Mora,Ennion,22
8,Fredelia,Curgenven,46
9,Rozalin,Morshead,50
10,Coraline,Ivanovic,44
11,Cleveland,Bowie,46
12,Bernie,Khadir,63
13,Kimbell,Culshew,64
14,Cosme,Slyme,44
15,Kacie,Eggleston,28
16,Lorena,Raddan,41
17,Tierney,Alcott,59
18,Ezri,Kalkofen,68
19,Dael,Blenkinsop,47
20,Clea,Bloyes,45
21,Adriena,Peaker,55
22,Byron,Baise,52
23,Sanson,Roake,51
24,Web,Cossins,52
25,Catha,Brabbs,30
26,Bradney,Retallack,31
27,Adler,Manners,29
28,Nappie,Morit,25
29,Myrtia,Laste,59
30,Swen,Gheraldi,41
31,Rob,McGorman,58
32,Bennie,Lothean,63
33,Sybil,Witcomb,45
34,Emmie,Goman,39
35,Joelle,Brinded,25
36,Jeffry,Hirsthouse,66
37,Roley,Maypole,28
38,Shanan,Bradmore,64
39,Alic,Keyden,62
40,Daffi,Roake,21
41,Ethyl,Whitsun,60
42,Redford,Grumell,35
43,Lazaro,Paridge,54
44,Cleon,Itzcovichch,55
45,Ev,Murphy,53
46,Demetria,Lamberti,54
47,Egon,Noye,59
48,Spike,Dunrige,46
49,Crystie,Truelove,27
50,Julianna,Harrismith,44
51,Pansie,Howlin,31
52,Arron,Burgoin,37
53,Gillian,Pauleau,46
54,Roth,Hyslop,47
55,Nicolas,Gunthorp,48
56,Brockie,Klarzynski,31
57,Wynn,Laurant,65
58,Hobart,Wildish,30
59,Suzie,Absolom,42
60,Maire,Emerton,45
61,Manya,Shinton,27
62,Hettie,Manclark,63
63,Tasia,Tommen,63
64,Lita,Ambroise,57
65,Micheline,Milby,36
66,Rici,Crotty,52
67,Lucia,Physick,24
68,Jazmin,Matus,61
69,Marjy,Glauber,33
70,Garrott,Graeser,21
71,Marybeth,Callinan,25
72,Zita,Feedham,55
73,Abby,Jest,24
74,Vivian,Grutchfield,58
75,Waiter,Gladtbach,40
76,Latashia,Hrishchenko,33
77,Rayner,Phizakarley,41
78,Ryan,Chillistone,46
79,Boyce,Jeens,42
80,Tommy,Larmor,49
81,Stacy,Boltwood,42
82,Gerardo,Figure,25
83,Henriette,Asipenko,26
84,Adeline,Tolomei,46
85,David,Cox,69
86,Mortimer,Jillis,69
87,Bobby,Cordeix,54
88,Hymie,Caldaro,52
89,Evered,Walsham,58
90,Steven,Newgrosh,40
91,Guido,Dennerley,49
92,Evelyn,Sommerscales,43
93,Dorelia,Murkitt,39
94,Aurie,Goodie,65
95,Karlan,Lanfranchi,30
96,Dian,Gaggen,58
97,Alice,Curedale,40
98,Tod,Radish,56
99,Marissa,Treacher,40
100,Cornelia,Rocco,32
101,Valma,Bradnam,48
102,Ulysses,Braxay,20
103,Wilfred,Balme,50
104,Vitia,Tee,67
105,Rodi,de Grey,35
106,Ricardo,Girdwood,38
107,Bobbi,Lenard,25
108,Osbourn,Clemitt,40
109,Jacquetta,Chinge,56
110,Silas,Tomaini,46
111,Garfield,Grindle,55
112,Jessie,Tanslie,70
113,Delcina,Pilkington,30
114,Carolee,Taffrey,38
115,Elsa,Pollicote,48
116,Lance,Doale,60
117,Jade,Mott,32
118,Ame,Towlson,62
119,Milly,Muddiman,20
120,Lutero,Challoner,53
121,Charo,Donisthorpe,20
122,Lyndy,McReidy,44
123,Euphemia,Langtree,64
124,Kordula,Lamerton,45
125,Tobe,Becaris,39
126,Rachele,Eby,65
127,Anne-marie,Studholme,49
128,Maddie,Cinelli,64
129,Althea,MacGebenay,44
130,Clemmy,Etoile,44
131,Benyamin,Dumberell,24
132,Brandise,Fairbank,42
133,Tamar,Battrick,55
134,Essy,Stein,62
135,Wilfred,Chapier,48
136,Henryetta,Teulier,69
137,Corrina,McPartlin,53
138,Conrade,Wyse,46
139,Tamiko,Grace,21
140,Johannah,Meadmore,32
141,Ardine,Petchell,64
142,Phineas,Walcar,25
143,Kerry,Kiossel,47
144,Fredrika,Medeway,70
145,Inga,Sudell,70
146,Garrott,Megson,42
147,Kristal,Achrameev,55
148,Derrik,Smalls,29
149,Myrah,Maydwell,47
150,Nickola,Dunnaway,32
151,Carma,Snibson,32
152,Kim,Nottingham,28
153,Mortie,Chislett,26
154,Garret,Sims,35
155,Randell,Lugden,56
156,Alicea,Eburah,37
157,Wittie,Babcock,70
158,Haven,Ballefant,65
159,Ludovika,Risson,30
160,Selle,Keatch,26
161,Raquel,Krysztofiak,28
162,Dianne,MacKenney,31
163,Marcellus,Barby,34
164,Ulla,Bode,70
165,Phillipe,Sharrem,47
166,Susette,Lohrensen,50
167,Gay,MacRitchie,46
168,Bron,Mozzetti,33
169,Glenine,Maunders,69
170,Rene,Cordeiro,66
171,Albertina,Plaskitt,28
172,Rodrick,Dederick,60
173,Fawn,Rycraft,47
174,Brigit,Andreasson,32
175,Novelia,Greenhalf,63
176,Patric,Mansell,21
177,Fanya,Gutridge,59
178,Emlyn,Syer,67
179,Debbi,Steers,62
180,Hermine,Brolly,26
181,Brant,Brimelow,23
182,Sanderson,Gwioneth,29
183,Thorn,Paterno,42
184,Hoyt,Loren,33
185,Yanaton,Grombridge,42
186,Aloise,Arrell,28
187,Coleman,Stoffler,49
188,Maurise,Sidlow,61
189,Lura,Elgram,28
190,Jenifer,Coggen,44
191,Puff,Simanek,45
192,Bucky,Goch,58
193,Maura,Treanor,43
194,Archy,Vann,68
195,Claus,Statton,29
196,Arlie,Chumley,48
197,Solly,Cultcheth,27
198,Basil,Acomb,62
199,Chery,Kelleher,65
200,Blancha,Heinssen,45
201,Clemmie,Gregersen,67
202,Mattheus,Phare,28
203,Ianthe,Curwen,28
204,Dominique,Ochterlony,34
205,Audre,Maughan,20
206,Harrie,Tremoulet,20
207,Spenser,Lanchbury,49
208,Giana,Platfoot,53
209,Gabrila,Eastcott,36
210,Lucky,Plom,43
211,Gilberte,Warren,20
212,Port,Ordidge,37
213,Susanna,Stebbings,28
214,Mallory,Coronas,38
215,Angelique,Rutland,34
216,Lauretta,Lambourn,46
217,Paquito,Casterton,23
218,Clarine,O'Caine,27
219,Alfy,Stolli,22
220,Lotte,Brickell,53
221,Tanya,Siddon,53
222,Orran,Allaker,66
223,Dario,Duiguid,56
224,Georgie,Annear,21
225,Weber,Rabbet,56
226,Tresa,Bartrop,26
227,Wilone,Waycot,31
228,Markos,Fairbard,23
229,Garik,Prevett,31
230,Kenton,Father,40
231,Audry,Morphet,43
232,Gabriela,Faas,70
233,Drew,Ondricek,29
234,Joya,Longford,60
235,Vilhelmina,Allery,32
236,Clem,Giddens,26
237,Wash,Malimoe,38
238,Damien,Attewell,67
239,Armstrong,Horlock,22
240,Roxanne,Barbery,68
241,Lezley,Sydes,63
242,Ammamaria,Tomankiewicz,45
243,Jacki,Whicher,45
244,Karlen,Polglaze,30
245,Marnia,Scranney,50
246,Nevil,Bryers,36
247,Haywood,Doggerell,51
248,Jilly,Anderl,66
249,Gabriela,Livingston,53
250,Christye,Syddie,57
251,Verne,Sinnie,60
252,Korie,Mack,46
253,Florri,Skuse,42
254,Druci,Lidell,55
255,Darren,Muckeen,55
256,Hinze,Kryzhov,64
257,Araldo,Dillinger,20
258,Lidia,Persehouse,45
259,Belvia,Nesby,56
260,Devora,Seiffert,53
261,Deeanne,Syne,25
262,Gradeigh,Shakspeare,38
263,Vonni,Donson,49
264,Harold,Shasnan,64
265,Vin,Letford,45
266,Cordy,Darrington,68
267,Joela,Yearn,36
268,Toiboid,Josofovitz,52
269,Roobbie,Klimowicz,53
270,Clareta,Paye,41
271,Lauren,Seiller,48
272,Alon,Lodovichi,41
273,Jacinthe,Wybourne,57
274,Brittany,Fevier,50
275,Junette,Necrews,36
276,Vincenty,Ricart,54
277,Ardene,Naish,48
278,Kati,Coulbeck,40
279,Murry,Goodyer,57
280,Larissa,Handke,68
281,Glennie,Snailham,41
282,Jeniffer,Kuzemka,21
283,Lin,Guiraud,58
284,Gloriane,Allner,23
285,Izak,Tweedle,36
286,Simone,Mildmott,24
287,Shem,Aggio,40
288,Vidovic,Leades,62
289,Andros,Crosgrove,60
290,Consuelo,Terrill,54
291,Raul,Phillot,48
292,Noell,Dimitrov,29
293,Cesare,Butson,54
294,Oliviero,Napton,48
295,Alyss,Galey,63
296,Sigismund,Ortells,62
297,Verine,Jaume,46
298,Isabel,Moan,42
299,Bethany,Wedderburn,57
300,Johannah,Tweedle,22
301,Mallorie,Garralts,64
302,Darrell,Chivrall,43
303,Brook,Sarten,51
304,Melodie,Borge,59
305,Gar,Krzysztof,60
306,Fiann,Trapp,65
307,Cherise,Willingale,25
308,Kacey,Prate,68
309,Crissie,Jaquin,49
310,Catha,Cristofano,41
311,Colin,Waddell,31
312,Sly,Swidenbank,29
313,Sloan,Percy,29
314,Dyna,Walak,26
315,Annis,Dorrins,55
316,Dori,Waghorne,44
317,Norris,Kroin,33
318,Stanislaus,Kaesmakers,25
319,Vincent,Ham,62
320,Rozele,McKune,43
321,Daloris,Leitche,27
322,Cy,Craggs,45
323,Dean,Spearett,22
324,Bee,Aubury,54
325,Dennet,Pedel,68
326,Ayn,Saunders,51
327,Richart,Gorrie,43
328,Randi,Lipson,36
329,Buddy,Georgiev,37
330,Kerstin,Capinetti,21
331,Ophelie,Grisdale,42
332,Becka,Tams,42
333,Dell,Titford,66
334,Sim,Philp,22
335,Jerad,Polye,34
336,Minni,Twomey,21
337,Meir,Leonard,40
338,Davey,Seebert,45
339,Titos,Upfold,50
340,Crystal,Woodrup,33
341,Brook,Pinnion,40
342,Wait,Flewan,28
343,Farr,Jay,56
344,Timotheus,Kendal,47
345,Ilysa,Stoodley,35
346,Nicolas,Forbear,51
347,Mersey,Lyver,44
348,Galven,Scotchmur,43
349,Flynn,Brookzie,27
350,Joseito,Chisholme,22
351,Naoma,Burnhams,41
352,Adolf,De Bernardi,30
353,Alyda,Brightling,67
354,Kania,Stanlock,29
355,Roxy,Twyford,63
356,Jennee,Humphrys,66
357,Andreana,Clibbery,44
358,Delaney,Dowsett,30
359,Kain,Dimbleby,59
360,Ely,Brightling,61
361,Bernarr,M'cowis,31
362,Cherida,Jarrel,45
363,Augustus,Dinse,51
364,Velma,Caulier,55
365,Lauren,Sewell,32
366,Lexi,Stare,59
367,Sileas,Kingswood,22
368,Karly,Diess,34
369,Tanny,Bolley,54
370,Nike,Cathesyed,34
371,Wendi,Murch,58
372,Marilee,Rallings,28
373,Leslie,Cutajar,60
374,Helena,Sparks,36
375,Charlene,Emett,59
376,Lynnette,Lalley,27
377,Paxon,Parsand,38
378,Selie,Hegley,51
379,Titus,Wattisham,64
380,Zeb,Morrallee,25
381,Shani,Abrahmson,25
382,Carol-jean,Enever,33
383,Leola,Welbelove,40
384,Holt,Urlin,54
385,Karel,Corrao,50
386,Nat,MacCostigan,58
387,Rochelle,Hutley,69
388,Hercules,Helstrip,54
389,Calvin,Mancktelow,52
390,Gayleen,Kleinsmuntz,66
391,Miner,Tenniswood,44
392,Billie,Witherup,37
393,Bendite,Boner,32
394,Jeddy,Clayton,31
395,Elvina,Bourdice,63
396,Bonni,Kenton,35
397,Marylynne,Andreini,30
398,Jackelyn,Cecil,33
399,Horton,Abba,45
400,Vina,Thomsson,42
401,Trip,Buney,42
402,Jenifer,Janout,50
403,Cos,Braitling,22
404,Aurlie,Assard,64
405,Michal,McTurlough,23
406,Lorette,Dudeney,24
407,Demetri,Tremberth,35
408,Marika,Gunson,67
409,Auguste,Harborow,33
410,Kerrie,Ecclestone,69
411,Christie,Ferraretto,33
412,Abby,Vallance,68
413,Abramo,Abadam,36
414,Allina,Keig,55
415,Grove,Benfield,69
416,Shalne,MacMichael,48
417,Rosaleen,Blaine,57
418,Shea,Roulston,31
419,Cleve,Henstridge,42
420,Zedekiah,Drewes,66
421,Claybourne,Freiburger,28
422,Ivette,Maskrey,28
423,Clemmie,Capelle,33
424,Ardys,Assender,38
425,Tilda,Colls,50
426,Cull,Espinoza,49
427,Trixi,Cowthart,60
428,Lorita,Mate,31
429,Jaynell,Snaddon,56
430,Marylinda,Haruard,34
431,Imelda,Cordeau,30
432,Hoebart,Skevington,68
433,Ancell,Spearett,59
434,Carrie,Fevier,36
435,Maryanna,Brumble,53
436,Danice,Troctor,26
437,Roz,Ternott,41
438,Henka,Fullard,56
439,Tracee,Pay,28
440,Edi,Benoit,64
441,Dwayne,Matzke,27
442,Charita,Michallat,59
443,Bale,Biasetti,37
444,Niko,Hedditch,51
445,Briny,Quilkin,57
446,Neall,Cotterill,35
447,Maryjane,Drivers,47
448,Didi,Furphy,64
449,Abigail,Haslock(e),39
450,Nance,Dallosso,28
451,Broderick,Trevaskus,65
452,Yorke,Curro,46
453,Matteo,Faire,49
454,Phil,Veracruysse,69
455,Neil,Portwain,29
456,Benton,Munford,46
457,Leona,Mylchreest,58
458,Townie,Dilrew,57
459,Rhonda,Elwood,67
460,Tobie,Heather,57
461,Selby,Goudge,54
462,Charmine,Ockenden,67
463,Jareb,Pluthero,37
464,Cornelle,Downing,24
465,Anne,Barden,40
466,Kelcy,Jencey,41
467,Andria,Lenglet,43
468,Petronilla,Bernardotti,58
469,Rae,Madelin,55
470,Chevalier,Houldin,58
471,Brion,Fromant,49
472,Carmella,Datte,67
473,Judah,Claypoole,26
474,Dorey,Tabourier,67
475,Jamal,Laidel,25
476,Tymon,Scarfe,59
477,Damita,Butten,34
478,Fannie,Giblett,32
479,Briggs,Lippingwell,33
480,Nobie,Gilardi,68
481,Thomasa,Deware,20
482,Ebeneser,Moorhead,26
483,Paige,Bothams,48
484,Wells,Dorbin,38
485,Chanda,Dain,39
486,Ira,Mc Caughen,38
487,Wilton,Cattlemull,67
488,Luciano,Maylott,23
489,Buiron,Terbrugge,28
490,Agace,Bussey,40
491,Abramo,Opy,21
492,Carling,Swan,59
493,Jaime,Larder,58
494,Morena,Ellcock,60
495,Myca,Girardin,26
496,Carleton,Rudolf,57
497,Waverly,Di Claudio,49
498,Bren,Menci,68
499,Ketti,Verdun,46
500,Tabor,Pfaff,43
501,Massimo,Jenman,39
502,Tandi,Picker,48
503,Rebbecca,Sergent,62
504,Merwin,Tomaszewicz,55
505,Dorolice,Marston,28
506,Woody,Treleaven,48
507,Kirbee,Gingle,58
508,Ursala,Slides,61
509,Doreen,Sharple,66
510,Rossy,Bradwell,26
511,Odelle,Binnion,27
512,Alex,Kemmett,35
513,Leighton,Rivett,30
514,Miner,Hanshawe,65
515,Francisca,Schulz,21
516,Alleyn,Riepl,67
517,Casar,Waldera,48
518,Em,Jenkerson,64
519,Aline,Norwich,52
520,Alfons,Sueter,59
521,Shayna,Geraldo,63
522,Roderich,Bielfelt,36
523,Felicle,Szymon,47
524,Normy,Tooker,50
525,Myrtia,Kleinfeld,54
526,Heriberto,Balchen,59
527,Worthington,Drew,37
528,Artair,Ludvigsen,50
529,Devora,Chandlar,26
530,Tad,Maciunas,22
531,Estelle,Timothy,66
532,Cherilyn,Pomroy,67
533,Gilligan,Padgham,68
534,Kalina,Baltrushaitis,58
535,Jonathon,Lampet,63
536,Leonid,Thorsen,24
537,Hans,Abbate,64
538,Iolanthe,Riteley,37
539,Lyn,Mattioni,33
540,Judi,Silverwood,28
541,Moreen,Toppin,44
542,Hakim,Warrillow,68
543,Pascale,Mabone,45
544,Briny,Arnley,32
545,Wolfy,Jenson,46
546,Noland,Biaggetti,35
547,Gratia,Fellenor,28
548,Ammamaria,Balharrie,35
549,Rivy,Bortolotti,45
550,Stevena,Marion,35
551,Babb,Strawbridge,35
552,Trula,Filyashin,70
553,Noach,Turney,23
554,Renault,Lohden,31
555,Monica,Caff,54
556,Cordy,Hawick,37
557,Smith,Cottesford,20
558,Garik,Schaben,22
559,Tadeas,Moreno,29
560,Dione,Caselick,58
561,Dana,Browse,32
562,Talbot,Gillatt,32
563,Pernell,Hanrahan,28
564,Teddie,Attwoull,43
565,Tiff,Rodda,49
566,Shayna,Dulany,70
567,Bailey,Douthwaite,61
568,Katerina,MacTavish,45
569,Madelaine,Lesley,38
570,Hanson,Fletcher,67
571,Brooks,Nowlan,28
572,Jojo,Vasser,55
573,Ade,Laver,23
574,Stesha,Neaverson,58
575,Austin,Snoxall,55
576,Quintin,Bushill,67
577,Dot,Renne,26
578,Enriqueta,Coo,48
579,Mureil,Crowley,24
580,Leighton,Woofinden,44
581,Lyn,Casaletto,34
582,Gavin,Pennetta,41
583,Vanessa,Gow,42
584,Eadith,Gornal,33
585,Shelden,Hurtado,64
586,Cyndi,Spoward,25
587,Irene,O'Fallone,32
588,Alva,Labrow,47
589,Abbie,Hayes,42
590,Cristy,Longthorne,20
591,Abran,Sclater,54
592,Cybil,Rae,64
593,Rosemary,Espinet,25
594,Anastasia,Tolliday,34
595,Corrine,Symms,24
596,Terese,Lightewood,23
597,Carie,Bushe,47
598,Ashlan,Halling,28
599,Johnny,Capnerhurst,70
600,Alfonso,Deighan,38
601,Blanch,Matitiaho,41
602,Luce,Tampen,34
603,Rochell,Wortley,22
604,Adrian,Linnitt,28
605,Gearalt,Bartosiak,64
606,Jenna,Snelgar,70
607,Derrek,Haseldine,69
608,Waldo,Reuther,44
609,Calv,Humpherston,28
610,Willdon,Brownbridge,31
611,Adrea,Torri,65
612,Eba,Eggleton,47
613,Cristabel,Chart,49
614,Grace,Episcopio,30
615,Leah,Boseley,52
616,Linette,Hawford,65
617,Alysa,Manske,42
618,Manya,Schrinel,70
619,Ertha,Skoyles,42
620,Pammi,Rubin,60
621,Jeanna,Takle,39
622,Leigha,Ply,26
623,Cyndi,Bedingfield,28
624,Rivkah,Dechelle,26
625,Roosevelt,Caughey,31
626,Bobbie,Wintour,65
627,Farrell,Rowler,25
628,Gabbie,Gidney,68
629,Christin,Coram,64
630,Moise,Boffey,48
631,Rand,Berthomieu,43
632,Leonard,Tierny,49
633,Marlyn,Gummory,36
634,Oren,Iglesiaz,45
635,Tandy,Goman,44
636,Tulley,Seccombe,38
637,Ashbey,Burnsell,26
638,Stephie,Fawloe,40
639,Jocelin,McPaike,31
640,Keen,Grzegorzewski,21
641,Minnie,Jillard,25
642,Filide,Peerless,65
643,Phil,Spieght,22
644,Kameko,Fawcett,21
645,Arni,Frostick,33
646,Arleen,Gemmill,28
647,Silvano,Harby,57
648,Olin,Paolinelli,49
649,Matthaeus,Drydale,63
650,Bernardo,Derges,47
651,Becky,Sturges,30
652,Frederica,Longman,64
653,Germana,Priestley,44
654,Chico,Pinnington,58
655,Jeniece,Boycott,29
656,Ives,Bavidge,69
657,Bren,Stovold,38
658,Gabriell,Tadgell,61
659,Kirstin,Bligh,35
660,Jordan,Garfath,62
661,Norman,Curness,56
662,Abbott,Parnall,35
663,Desmond,Eveling,31
664,Val,Kapiloff,24
665,Hinda,Burbridge,28
666,Eva,Burehill,51
667,Kelsi,Shobrook,51
668,Sandy,De Benedictis,41
669,Morgen,Fuxman,58
670,Gayelord,Childes,43
671,Dar,McLelland,50
672,Nil,Ortsmann,43
673,Moe,Speed,55
674,Stewart,Simison,60
675,Carney,Cobbald,39
676,Abelard,Inkin,24
677,Leena,Glennon,53
678,Charity,Caccavella,41
679,Gabrielle,Farnsworth,55
680,Ellie,Cheak,46
681,Rebe,Teaze,21
682,Gael,Benedick,40
683,Theodor,Ferraresi,60
684,Colet,Biernacki,68
685,Patten,Lount,56
686,Murvyn,Connechie,49
687,Candra,Harmson,32
688,Paulo,Ainsworth,45
689,Rennie,Saylor,57
690,Clara,Brushneen,64
691,Tamarra,Ciccetti,21
692,Rafa,Luckey,30
693,Prissie,Burress,26
694,Mellisent,Gensavage,25
695,Heinrik,Grigoryev,24
696,Vida,Sheahan,48
697,Jordana,Fullwood,45
698,Kippie,MacGorrie,40
699,Fawnia,Bletso,44
700,Arlyne,Delle,56
701,Curcio,O'Brogane,41
702,Petronille,Driver,30
703,Randy,Frensche,23
704,Troy,Scrauniage,42
705,Leupold,Ghidetti,55
706,Jackie,Egle of Germany,55
707,Grayce,Paulitschke,63
708,Tomasine,Welbelove,52
709,Tedra,Antonikov,58
710,Lisabeth,Saing,58
711,Germana,Shakespear,60
712,Dyna,Perkis,42
713,Ozzie,Laxton,62
714,Alvira,Upham,46
715,Camilla,Haibel,27
716,Fanchon,McNay,21
717,Normie,Francino,60
718,Esra,Sporner,57
719,Milena,Fakes,32
720,Sile,Braddick,37
721,Denna,Clarke,39
722,Antonetta,Swalowe,54
723,Dom,Plaide,64
724,Rubin,Cheetam,61
725,Lindi,Barstow,27
726,Yulma,Hains,24
727,Brunhilde,Stancer,29
728,Zackariah,Abelson,55
729,Murry,Licas,51
730,Fredrika,Duffell,55
731,Carolus,Donnett,36
732,Yehudit,Smythin,39
733,Heida,Shedden,21
734,Hadria,Steaning,55
735,Una,Hardacre,37
736,Mycah,Heinreich,33
737,Roddie,McGrae,44
738,Ossie,Josefsohn,42
739,Dawn,Yurin,32
740,Gene,Shaxby,22
741,Lavina,Desvignes,38
742,Rhianon,Wilmington,23
743,Glen,Kordes,44
744,Mick,Edlyne,53
745,Lanae,Tow,36
746,Filberte,Warsap,26
747,Pierce,Larham,40
748,Roddie,Rioch,33
749,Gerianna,Oade,23
750,Ewan,Hallgarth,22
751,Sophia,Sudran,53
752,Morley,Probetts,67
753,Ulysses,Songust,44
754,Rani,Stroulger,25
755,Kori,Rodell,20
756,Neddie,Strewther,70
757,Bobinette,Devereu,35
758,Ava,Marlon,57
759,Ki,Elverstone,24
760,Louella,Killeen,68
761,Hillie,Hould,21
762,Kyrstin,Conniam,48
763,Camilla,Zumbusch,25
764,Bordie,Belin,48
765,Newton,Wanne,70
766,Helga,Myrtle,32
767,Romain,Simanek,66
768,Randi,Hickeringill,51
769,Joell,Lorroway,30
770,Vinita,Lethieulier,26
771,Brianne,Ballingal,46
772,Roderigo,McCusker,39
773,Rand,Gyer,35
774,Coleen,Mackerel,43
775,Vickie,Sommer,49
776,Zsa zsa,Carlill,23
777,Nicolis,Forshaw,37
778,Wrennie,Braybrookes,60
779,Augustina,Dewerson,68
780,Sarena,Haselhurst,60
781,Danica,Mannion,50
782,Annecorinne,Ferfulle,41
783,Clio,Morigan,44
784,Cybill,Soppeth,54
785,Donni,Tricker,60
786,Ilaire,Mingardi,22
787,Judith,Bonefant,46
788,Tabitha,Ferronier,36
789,Rosalyn,House,57
790,Jaquith,Coldman,31
791,Adriaens,Anker,65
792,Amity,Piers,53
793,Jessika,Westmarland,20
794,Rik,Trittam,26
795,Jeremie,Smails,52
796,Marthe,Constanza,27
797,Karina,Brunicke,49
798,John,Downes,70
799,Marcia,Carbert,20
800,Lilah,Spurret,33
801,Cecilla,Sex,59
802,Carling,Cusick,24
803,Minta,Heymann,38
804,Clarence,MacGebenay,23
805,Kev,Allitt,66
806,Florencia,Tinston,46
807,Lily,O'Corren,27
808,Hayden,Mochar,43
809,Chevalier,Valde,67
810,Alick,Mutter,22
811,Peggi,McNay,49
812,Blaine,Misken,62
813,Dominick,Woodwing,58
814,Christye,Biernacki,32
815,Beatrisa,Newberry,51
816,Salome,Askam,53
817,Godfrey,Tite,50
818,Hewe,Howship,51
819,Gabbie,Minto,39
820,Sadye,Rattray,58
821,Ysabel,Auton,43
822,Lark,Triplow,62
823,Fraser,Eccleston,36
824,Lukas,Bovey,63
825,Bendix,Pead,42
826,Kitty,Albrecht,50
827,Fanchette,Medd,49
828,Heath,Junes,22
829,Tilly,Prosch,29
830,Dukey,Bertomeu,59
831,Jedd,Leale,45
832,Colby,Egle,29
833,Huberto,Mothersdale,44
834,Karel,Hellewell,63
835,Ikey,Dibble,30
836,Josy,Le Breton,64
837,Mikey,Kinforth,25
838,Rozella,Ferrieroi,46
839,Hillyer,Gorrie,41
840,Randie,Sautter,28
841,Yovonnda,Orwin,28
842,Lewie,Kensall,53
843,Catlin,Carnall,41
844,Callie,Barr,32
845,Carny,Briggs,56
846,Garrot,Mixhel,46
847,Libbi,McAnulty,68
848,Willyt,Auchterlony,40
849,Jim,Chalfont,41
850,Drucie,Glanfield,57
851,Kelwin,Daniaud,32
852,Joeann,Isgar,62
853,Matilde,McIlwaine,20
854,Fancy,Camilio,36
855,Ettore,Sherwin,32
856,Rahal,Carlyon,24
857,Allina,Dowsing,45
858,Errick,Neville,29
859,Hilary,Antoniutti,52
860,Ase,Cutridge,44
861,Westbrooke,Glacken,45
862,Lu,Piatti,43
863,Krystal,Beldom,40
864,Sabra,Fetterplace,32
865,Sherlocke,Moizer,54
866,Corie,Dobrovolny,48
867,Curry,Grealish,61
868,Bernardina,Kleint,45
869,Ynes,Cranney,34
870,Alyse,Heindle,42
871,Rebekah,Fere,70
872,Lindsey,Bascomb,26
873,Regan,Redhead,61
874,Flynn,O'Lunny,63
875,Dugald,Kornilov,51
876,Sinclare,Garrard,20
877,Clyde,Noni,43
878,Felipe,Yukhnin,67
879,Sergeant,Eccleston,39
880,Craggy,Wylder,57
881,Nicky,Quinnell,43
882,Mignon,Pydcock,39
883,Augy,Vaudrey,28
884,Carleen,Pittway,42
885,Dwayne,Paye,70
886,Hamlen,Iacoboni,68
887,Roseann,Gauchier,55
888,Ronni,Pache,28
889,Vonny,De Bellis,62
890,Maryanna,Gate,58
891,Reynolds,Caillou,56
892,Eldredge,Wormell,25
893,Katti,Durber,48
894,Nigel,Stallan,47
895,Adora,Kuzemka,21
896,Annabal,D'Andrea,26
897,Konstantine,Hellwig,49
898,Claiborne,O'Hoolahan,57
899,Kit,Storey,67
900,Amalie,Maxwaile,63
901,Raeann,MacTeague,68
902,Eudora,Burnip,21
903,Shay,Juara,58
904,Mill,Venner,38
905,Filip,MacTavish,32
906,Marshall,MacAskill,28
907,Lorelei,Girod,22
908,Dorie,Godart,60
909,Kev,Mingame,29
910,Yank,Arbuckle,26
911,Maitilde,Cokly,23
912,Boothe,Djekic,33
913,Erminie,Kermode,51
914,Murvyn,Rosander,24
915,Mirabelle,Hamlington,41
916,Isobel,Verrell,49
917,Gwenette,Wise,25
918,Gabrila,Dugald,39
919,Corty,Van Niekerk,53
920,Gaye,Hoys,48
921,Sherill,Pilger,20
922,Penn,Headland,21
923,Rutherford,Marler,20
924,Trude,Ayling,48
925,Rosalyn,Pape,58
926,Elmer,Adamo,57
927,Josephine,Loram,50
928,Susette,Warcup,57
929,Terry,Shotter,59
930,Eamon,Raspin,24
931,Giffy,Noller,57
932,Kaiser,Lunge,62
933,Baillie,Gimber,45
934,Corette,MacGahy,63
935,Deanne,Kuhnhardt,48
936,Allen,Durnford,30
937,Franklin,Burnham,42
938,Prescott,Theodore,47
939,Pat,Hoovart,59
940,Jacquenetta,Sansom,33
941,Constantine,L'oiseau,50
942,Igor,Anfossi,51
943,Bail,Wixey,39
944,Happy,Pacher,52
945,Martica,Lysaght,29
946,Wynn,Stimpson,48
947,Hunt,Baggelley,37
948,Tom,Wain,36
949,Angeli,Crocroft,31
950,Editha,Baxendale,60
951,Hope,Keelinge,53
952,Sascha,Lillegard,69
953,Alameda,Jancey,54
954,Yehudit,Mersh,21
955,Randi,Leedes,33
956,Breanne,Barkus,34
957,Terry,Van Saltsberg,38
958,Hagan,Thredder,41
959,Koo,Whaplington,55
960,Gordan,Nehlsen,28
961,Evy,Cubbino,43
962,Hilary,Bassford,61
963,Ximenez,Christauffour,57
964,Stacie,Craigg,61
965,Jard,Measor,40
966,Tailor,Holtaway,52
967,Hershel,Blanchet,53
968,Kathe,McCarrell,56
969,Alice,Donaldson,28
970,Dionisio,Langlands,20
971,Jemmie,Birkinshaw,28
972,Jozef,Pineaux,38
973,Mozelle,Tander,28
974,Sheppard,Jarret,41
975,Virge,Arrowsmith,30
976,Monroe,Petraitis,29
977,Jerrie,Pettis,40
978,Beverlee,Chucks,70
979,Dori,Haskew,28
980,Rahal,Vanyarkin,64
981,Eldredge,Ferraraccio,28
982,Peri,Gradley,35
983,Cassie,Stitwell,28
984,Rozamond,Blofeld,47
985,Vere,Goodbarne,43
986,Lucita,Shipston,63
987,Margery,Ghelardi,30
988,Hamlin,Maryan,38
989,Ina,Moro,59
990,Gerald,Buddington,41
991,Johnette,Napoli,29
992,Janek,Joderli,66
993,Peria,Larmouth,31
994,Lindie,Maple,25
995,Penni,Baudinet,40
996,Lorine,Scamwell,40
997,Shaine,Twomey,34
998,Nerty,Hartles,52
999,Wilburt,Tankin,66
1000,Anallise,Kitchenham,57
